# One real class-meeting date per line, in chronological order. No day-ids:
# content pages are matched to a date purely by their position in the
# schedule (sorted the same way ScheduleTable displays them), not by a
# hand-typed lookup key. This means canceling a class day is a single-line
# deletion here — every subsequent page's date shifts automatically, with
# no changes needed to any .mdx file. A line can also be a "start..end"
# range (e.g. a week off); it still consumes exactly one position.
8/24/2026
8/26/2026
8/28/2026
8/31/2026
9/2/2026
9/4/2026
9/7/2026
9/9/2026
9/11/2026
9/14/2026
9/16/2026
9/18/2026
9/21/2026
9/23/2026
9/25/2026
9/28/2026
9/30/2026
10/2/2026
10/5/2026
10/7/2026
10/9/2026
10/12/2026
10/14/2026
10/16/2026
10/19/2026
10/21/2026
10/23/2026
10/26/2026
10/28/2026
10/30/2026
11/2/2026
11/4/2026
11/6/2026
11/9/2026
11/11/2026
11/13/2026
11/16/2026
11/18/2026
11/20/2026
11/23/2026..11/27/2026
11/30/2026
12/2/2026
12/4/2026
12/7/2026
12/9/2026
12/11/2026
12/14/2026
12/16/2026
12/18/2026
